N,seconds,N,seconds,N,seconds,tipo
10,0.033030033111572266,300,0.03803420066833496,3000,0.5545046329498291,4
