N,seconds,N,seconds,N,seconds,tipo
10,0.03303027153015137,300,0.03703427314758301,3000,0.5575151443481445,4