N,seconds,N,seconds,N,seconds,tipo
10,0.032028913497924805,300,0.033029794692993164,3000,0.03403043746948242,2