N,seconds,N,seconds,N,seconds,tipo
10,0.03303050994873047,300,0.03403186798095703,3000,0.03503274917602539,2