N,seconds,N,seconds,N,seconds,N,seconds,tipo
10,0.033030033111572266,300,0.03303074836730957,3000,0.03403186798095703,10000,0.03803420066833496,2