N,seconds,N,seconds,N,seconds,N,seconds,tipo
10,0.033029794692993164,300,0.03303050994873047,3000,0.03503274917602539,10000,0.037034034729003906,2
