N,seconds,N,seconds,N,seconds,N,seconds,tipo
100000,0.17515015602111816,300000,0.44739770889282227,500000,0.7396721839904785,1000000,1.44547438621521,0