N,seconds,N,seconds,N,seconds,N,seconds,tipo
100000,0.17515826225280762,300000,0.4463963508605957,500000,0.7246575355529785,1000000,1.4240422248840332,0