N,seconds,N,seconds,N,seconds,tipo
100000,0.04002809524536133,300000,0.056051015853881836,500000,0.07206153869628906,1