N,seconds,N,seconds,N,seconds,tipo
100000,0.041028499603271484,300000,0.0570523738861084,500000,0.07106447219848633,1