N,seconds,N,seconds,N,seconds,N,seconds,tipo
100000,0.041037559509277344,300000,0.057051897048950195,500000,0.07106494903564453,1000000,0.10708856582641602,1
