N,seconds,N,seconds,N,seconds,N,seconds,tipo
100000,0.04102969169616699,300000,0.057051897048950195,500000,0.07167220115661621,1000000,0.10809731483459473,1