N,seconds,N,seconds,N,seconds,N,seconds,tipo
10,0.03403162956237793,300,0.03803420066833496,3000,0.5502521991729736,10000,5.626935720443726,4