N,seconds,N,seconds,N,seconds,N,seconds,tipo
10,0.03303027153015137,300,0.03803443908691406,3000,0.5565063953399658,10000,5.5370330810546875,4
