N,seconds,N,seconds,N,seconds,tipo
100000,0.17015504837036133,300000,0.447406530380249,500000,0.7136485576629639,0