N,seconds,N,seconds,N,seconds,tipo
100000,0.17148804664611816,300000,0.4484069347381592,500000,0.7276721000671387,0
